-- Inserting into tables --

/* Execute only at first time of use */
use DBMS_project;
select * from publishers;
select * from authors;
select * from courses;
select * from books;
select * from book_categories;
select * from book_category_assignment;
select * from librarians;


INSERT INTO authors (author_id, first_name, last_name, specialization) VALUES
('Auth101', 'Elga', 'Cestard', 'Aerospace Engineering'),
('Auth102', 'Linnell', 'Galliver', 'Robotics'),
('Auth103', 'Devin', 'Dumbelton', 'Biomedical Engineering'),
('Auth104', 'Benn', 'Sidebottom', 'Robotics'),
('Auth105', 'Hedvige', 'Sertin', 'Electrical Engineering'),
('Auth106', 'Lucilia', 'Stent', 'Robotics'),
('Auth107', 'Bettine', 'Woodgate', 'Robotics'),
('Auth108', 'Tod', 'Dumini', 'Chemical Engineering'),
('Auth109', 'Corney', 'Breakwell', 'Mechanical Engineering'),
('Auth110', 'Christy', 'Raund', 'Aerospace Engineering'),
('Auth111', 'Pattin', 'Gorry', 'Aerospace Engineering'),
('Auth112', 'Jannel', 'Braunds', 'Mechanical Engineering'),
('Auth113', 'Rodina', 'Tams', 'Biomedical Engineering'),
('Auth114', 'Janene', 'Willarton', 'Robotics'),
('Auth115', 'Sloan', 'D\'eye', 'Chemical Engineering'),
('Auth116', 'Reeba', 'Gull', 'Biomedical Engineering'),
('Auth117', 'Pat', 'Braund', 'Aerospace Engineering'),
('Auth118', 'Cammy', 'Hickford', 'Biomedical Engineering'),
('Auth119', 'Sherlock', 'Hendriks', 'Electrical Engineering'),
('Auth120', 'Chlo', 'Gerrie', 'Electrical Engineering'),
('Auth121', 'Berrie', 'Murdoch', 'Civil Engineering'),
('Auth122', 'Frederick', 'Lenham', 'Chemical Engineering'),
('Auth123', 'Brady', 'Sheldon', 'Robotics'),
('Auth124', 'Cyndy', 'Roussell', 'Electrical Engineering'),
('Auth125', 'Hyacinth', 'Lettsom', 'Civil Engineering'),
('Auth126', 'Zed', 'Baudou', 'Civil Engineering'),
('Auth127', 'Nicoli', 'Spours', 'Civil Engineering'),
('Auth128', 'Seymour', 'Clayal', 'Robotics'),
('Auth129', 'Ira', 'Seedman', 'Robotics'),
('Auth130', 'Evvie', 'Filipic', 'Aerospace Engineering'),
('Auth131', 'Reginauld', 'Semour', 'Robotics'),
('Auth132', 'Ellynn', 'Gofford', 'Mechanical Engineering'),
('Auth133', 'Vonny', 'Biasotti', 'Civil Engineering'),
('Auth134', 'Aurelia', 'Styan', 'Biomedical Engineering'),
('Auth135', 'Wrennie', 'Burnett', 'Biomedical Engineering'),
('Auth136', 'Tim', 'Cammock', 'Robotics'),
('Auth137', 'Annabelle', 'Wyldes', 'Civil Engineering'),
('Auth138', 'Carleton', 'Perago', 'Civil Engineering'),
('Auth139', 'Moreen', 'Greatreax', 'Chemical Engineering'),
('Auth140', 'Bronnie', 'McKinley', 'Electrical Engineering'),
('Auth141', 'Helsa', 'Chillingworth', 'Aerospace Engineering'),
('Auth142', 'Lucho', 'Summerside', 'Biomedical Engineering'),
('Auth143', 'Alberik', 'Polendine', 'Aerospace Engineering'),
('Auth144', 'Charleen', 'Raulin', 'Robotics'),
('Auth145', 'Cori', 'Daniele', 'Mechanical Engineering'),
('Auth146', 'Archibaldo', 'Sherrington', 'Robotics'),
('Auth147', 'Bertrand', 'Daybell', 'Mechanical Engineering'),
('Auth148', 'Ulrick', 'Perrelle', 'Chemical Engineering'),
('Auth149', 'Jerrine', 'Breeton', 'Civil Engineering'),
('Auth150', 'Pierre', 'Clavering', 'Robotics'),
('Auth151', 'Sherwynd', 'Bernardino', 'Chemical Engineering'),
('Auth152', 'Arin', 'Northeast', 'Robotics'),
('Auth153', 'Lucas', 'Vasin', 'Electrical Engineering'),
('Auth154', 'Francyne', 'Detloff', 'Mechanical Engineering'),
('Auth155', 'Pedro', 'Newhouse', 'Aerospace Engineering'),
('Auth156', 'Harlene', 'Steward', 'Civil Engineering'),
('Auth157', 'Derrik', 'Donneely', 'Chemical Engineering'),
('Auth158', 'Pablo', 'Moseby', 'Mechanical Engineering'),
('Auth159', 'Jervis', 'Noddles', 'Civil Engineering'),
('Auth160', 'Janella', 'O\'Hartigan', 'Robotics'),
('Auth161', 'Mick', 'Chung', 'Robotics'),
('Auth162', 'Dania', 'Ricson', 'Aerospace Engineering'),
('Auth163', 'Ewan', 'Dymoke', 'Electrical Engineering'),
('Auth164', 'Terrijo', 'Bavester', 'Civil Engineering'),
('Auth165', 'Kamillah', 'Jenney', 'Mechanical Engineering'),
('Auth166', 'Zaneta', 'Cowdry', 'Aerospace Engineering'),
('Auth167', 'Cheslie', 'Splevings', 'Robotics'),
('Auth168', 'Augustin', 'Roaf', 'Mechanical Engineering'),
('Auth169', 'Greta', 'Cudihy', 'Robotics'),
('Auth170', 'Herculie', 'Beaument', 'Chemical Engineering'),
('Auth171', 'Agna', 'Waddoups', 'Electrical Engineering'),
('Auth172', 'Tull', 'Fouracres', 'Mechanical Engineering'),
('Auth173', 'Flynn', 'Matevosian', 'Robotics'),
('Auth174', 'Sharyl', 'Ruggiero', 'Robotics'),
('Auth175', 'Mariellen', 'Worg', 'Mechanical Engineering'),
('Auth176', 'Kore', 'Curragh', 'Robotics'),
('Auth177', 'Karissa', 'Ballantyne', 'Mechanical Engineering'),
('Auth178', 'Doti', 'Gerge', 'Mechanical Engineering'),
('Auth179', 'Christiana', 'Luxon', 'Chemical Engineering'),
('Auth180', 'Adolpho', 'Le Fevre', 'Civil Engineering'),
('Auth181', 'Aymer', 'Campagne', 'Aerospace Engineering'),
('Auth182', 'Boothe', 'Keijser', 'Robotics'),
('Auth183', 'Alfie', 'Chatenier', 'Robotics'),
('Auth184', 'Karlens', 'Pennaman', 'Civil Engineering'),
('Auth185', 'Kellyann', 'Laughton', 'Mechanical Engineering'),
('Auth186', 'Morgan', 'Dreghorn', 'Electrical Engineering'),
('Auth187', 'Derwin', 'Gascone', 'Chemical Engineering'),
('Auth188', 'Gan', 'Struan', 'Electrical Engineering'),
('Auth189', 'Roxie', 'Sherbrooke', 'Aerospace Engineering'),
('Auth190', 'Duky', 'Matterface', 'Biomedical Engineering'),
('Auth191', 'Nixie', 'Pilley', 'Mechanical Engineering'),
('Auth192', 'Eula', 'Sone', 'Civil Engineering'),
('Auth193', 'Eli', 'Nulty', 'Mechanical Engineering'),
('Auth194', 'Aluin', 'Isakov', 'Civil Engineering'),
('Auth195', 'Emile', 'Fisbey', 'Electrical Engineering'),
('Auth196', 'Crissy', 'Harg', 'Biomedical Engineering'),
('Auth197', 'Ilario', 'Job', 'Robotics'),
('Auth198', 'Anselm', 'Granville', 'Chemical Engineering'),
('Auth199', 'Arabele', 'Carsberg', 'Mechanical Engineering'),
('Auth200', 'Coralie', 'Machen', 'Civil Engineering');


INSERT INTO Publishers (publisher_id, name, address, contact_number, email, university_affiliated) VALUES
('PUB101', 'Tech Books Publishing', '123 Innovation St, San Francisco, CA', '415-123-4567', 'info@techbooks.com', TRUE),
('PUB102', 'Global Science Press', '500 Research Ave, Boston, MA', '617-555-7890', 'contact@globalsciencepress.com', TRUE),
('PUB103', 'Elite Engineering Publications', '75 Engineering Rd, New York, NY', '212-777-4561', 'support@eliteengpub.com', TRUE),
('PUB104', 'NextGen Robotics Publishers', '890 AI Blvd, Palo Alto, CA', '650-444-9876', 'hello@nextgenrobotics.com', TRUE),
('PUB105', 'Aerodynamics Insights', '321 Jetstream Lane, Seattle, WA', '206-222-3456', 'aero@insights.com', FALSE),
('PUB106', 'Biomedical Innovations', '99 Health Ave, Chicago, IL', '312-567-8901', 'contact@biomedicalpub.com', TRUE),
('PUB107', 'Electrical Engineering World', '250 Voltage Dr, Austin, TX', '512-123-9999', 'support@elecengworld.com', FALSE),
('PUB108', 'Mechanical Wonders Publishing', '760 Gears St, Detroit, MI', '313-555-4563', 'info@mechwonders.com', TRUE),
('PUB109', 'ChemTech Publications', '45 Chemistry Rd, Houston, TX', '713-888-3333', 'info@chemtechpubs.com', FALSE),
('PUB110', 'Civil Structures Publishers', '555 Bridges Ave, Denver, CO', '303-987-6543', 'contact@civilstructures.com', TRUE),
('PUB111', 'Robotics Future Press', '808 Automation Blvd, San Diego, CA', '858-666-7894', 'hello@roboticsfuture.com', TRUE),
('PUB112', 'AI & ML Books', '190 Data Science St, Atlanta, GA', '404-777-3456', 'info@aimlbooks.com', TRUE),
('PUB113', 'NanoTech Publications', '66 Nano Lane, San Jose, CA', '408-999-1111', 'contact@nanotechpub.com', FALSE),
('PUB114', 'Eco Engineering Publishers', '500 Green Tech Rd, Portland, OR', '503-321-7899', 'eco@engineeringpubs.com', TRUE),
('PUB115', 'Structural Dynamics Press', '870 Buildings Ave, New York, NY', '212-321-5555', 'info@structdynapress.com', FALSE),
('PUB116', 'Innovate Publishing', '220 Future Blvd, Los Angeles, CA', '323-765-1234', 'info@innovatepub.com', TRUE),
('PUB117', 'Cyber Systems Books', '120 Cyber Lane, Washington, DC', '202-888-9876', 'contact@cybersystemsbooks.com', TRUE),
('PUB118', 'OceanTech Press', '909 Marine Blvd, Miami, FL', '305-444-2345', 'info@oceantechpress.com', FALSE),
('PUB119', 'Astro Publications', '450 Galaxy Rd, Houston, TX', '713-999-6543', 'astro@publications.com', TRUE),
('PUB120', 'Quantum Mechanics Books', '15 Quantum St, Berkeley, CA', '510-777-7777', 'info@quantumbooks.com', FALSE),
('PUB121', 'Physics & Materials Press', '800 Science Ave, Philadelphia, PA', '215-666-5678', 'info@physmatpress.com', TRUE),
('PUB122', 'Data Science Insights', '700 ML Blvd, Seattle, WA', '206-234-5678', 'hello@datascienceinsights.com', TRUE),
('PUB123', 'AI Revolution Publishers', '333 Neural Net Rd, San Francisco, CA', '415-666-1234', 'ai@revolutionpublishers.com', TRUE),
('PUB124', 'Bioinformatics Press', '88 Genome Lane, Boston, MA', '617-888-4444', 'bio@informaticspress.com', FALSE),
('PUB125', 'Automotive Engineering Books', '590 Cars Ave, Detroit, MI', '313-999-4321', 'auto@engbooks.com', TRUE),
('PUB126', 'Energy Solutions Press', '120 Renewable Rd, Denver, CO', '303-234-5678', 'energy@solutionspress.com', TRUE),
('PUB127', 'Structural Engineering Publishers', '200 Bridges Ave, San Antonio, TX', '210-777-1234', 'info@structengpub.com', FALSE),
('PUB128', 'Material Science Innovations', '85 Polymers St, Chicago, IL', '312-456-7890', 'materials@scienceinnov.com', TRUE),
('PUB129', 'Biotech Breakthroughs', '360 Genetics Rd, New York, NY', '212-765-3456', 'contact@biotechbreak.com', FALSE),
('PUB130', 'Software Engineering Experts', '77 DevOps Lane, Silicon Valley, CA', '650-888-5555', 'hello@softengexperts.com', TRUE),
('PUB131', 'Embedded Systems Books', '670 Chips Rd, Austin, TX', '512-234-5678', 'info@embedsysbooks.com', TRUE),
('PUB132', 'Digital Manufacturing Publishers', '420 Robotics Blvd, Pittsburgh, PA', '412-999-6789', 'digital@manufpub.com', FALSE),
('PUB133', 'Control Systems Books', '999 PID Loop St, Atlanta, GA', '404-567-7890', 'contact@controlsysbooks.com', TRUE),
('PUB134', 'AI Security Press', '333 Encryption Rd, Washington, DC', '202-111-9999', 'info@aisecuritypress.com', TRUE),
('PUB135', 'Renewable Energy Books', '880 Solar Lane, Phoenix, AZ', '602-666-7777', 'renew@energybooks.com', TRUE),
('PUB136', 'Green Tech Publications', '520 Sustainability Rd, Portland, OR', '503-222-8888', 'green@techpubs.com', FALSE),
('PUB137', 'Nanoscience Press', '15 Nanotech Blvd, San Jose, CA', '408-567-4321', 'nano@sciencepress.com', TRUE),
('PUB138', 'Mathematics & Computation Books', '890 Theorem Rd, Berkeley, CA', '510-888-5678', 'math@compbooks.com', FALSE),
('PUB139', 'Aviation Technology Press', '600 Aircraft St, Seattle, WA', '206-555-9876', 'aviation@techpress.com', TRUE),
('PUB140', 'Marine Engineering Books', '750 Ships Rd, Miami, FL', '305-432-6789', 'marine@engbooks.com', TRUE),
('PUB141', 'Telecom Innovations Publishers', '400 Communication Blvd, Dallas, TX', '214-555-7890', 'telecom@innovpubs.com', TRUE),
('PUB142', 'Cryptography & Security Books', '123 Cipher Rd, San Francisco, CA', '415-666-9999', 'crypto@securitybooks.com', TRUE),
('PUB143', 'Blockchain Revolution Press', '777 Decentralized Rd, Palo Alto, CA', '650-999-1111', 'blockchain@revpress.com', TRUE),
('PUB144', 'Deep Learning Insights', '950 Neural Net Blvd, San Diego, CA', '858-123-8888', 'dl@insights.com', TRUE),
('PUB145', 'Quantum Computing Publishers', '310 Qubit Rd, New York, NY', '212-666-2345', 'quantum@computepub.com', FALSE),
('PUB146', 'Automated Systems Press', '990 AI Blvd, Silicon Valley, CA', '650-999-5555', 'automate@syspress.com', TRUE),
('PUB147', 'Biomedical Sensors Publishing', '445 Bio St, Chicago, IL', '312-555-6789', 'sensors@biopub.com', TRUE),
('PUB148', 'Space Exploration Press', '11 NASA Blvd, Houston, TX', '713-888-2222', 'space@explorepress.com', TRUE),
('PUB149', 'NextGen AI Publishing', '505 Machine Learning Blvd, San Francisco, CA', '415-987-6543', 'info@nextgenai.com', TRUE),
('PUB150', 'Neural Innovations Press', '202 Deep Learning St, Palo Alto, CA', '650-123-7890', 'contact@neuralinnov.com', TRUE),
('PUB151', 'Human-Computer Interaction Press', '99 UX Lane, Seattle, WA', '206-555-6789', 'hci@press.com', FALSE),
('PUB152', 'BioRobotics Publishers', '789 Prosthetics Rd, Boston, MA', '617-888-4321', 'biorobo@publishers.com', TRUE),
('PUB153', 'Smart Cities Publications', '230 IoT Ave, New York, NY', '212-234-5678', 'smart@citiespub.com', TRUE),
('PUB154', 'Genetic Engineering Books', '412 DNA St, Chicago, IL', '312-222-7890', 'genetics@engbooks.com', FALSE),
('PUB155', 'Cybersecurity Experts Publishing', '801 SecureNet Blvd, Washington, DC', '202-777-5678', 'cyber@securitypubs.com', TRUE),
('PUB156', 'Autonomous Vehicles Press', '888 Self-Drive Rd, Detroit, MI', '313-999-2345', 'auto@vehiclespress.com', TRUE),
('PUB157', 'Virtual Reality & AR Press', '555 Metaverse Lane, Los Angeles, CA', '323-876-5432', 'vr@arpress.com', TRUE),
('PUB158', 'Fusion Energy Research Publishers', '333 Plasma Rd, Princeton, NJ', '609-555-6789', 'fusion@energyres.com', TRUE),
('PUB159', 'Quantum Cryptography Press', '270 Quantum Safe St, Palo Alto, CA', '650-666-1234', 'crypto@quantumpress.com', FALSE),
('PUB160', 'Sustainable Materials Publishing', '123 EcoTech Blvd, Portland, OR', '503-432-7890', 'sustain@materials.com', TRUE),
('PUB161', 'Neuroscience & AI Publishers', '88 Brain Network Rd, San Diego, CA', '858-333-9999', 'neuro@aipublishers.com', TRUE),
('PUB162', 'Astrobiology Insights Press', '340 Exoplanet St, Houston, TX', '713-555-2345', 'astro@bioinsights.com', FALSE),
('PUB163', 'Wireless Networks Publishers', '789 5G Lane, Dallas, TX', '214-777-8901', 'wireless@networkspubs.com', TRUE),
('PUB164', 'Advanced Robotics Press', '1020 Robotic Automation Rd, Pittsburgh, PA', '412-567-7890', 'advanced@roboticspress.com', TRUE),
('PUB165', 'Edge Computing Books', '760 Cloud Edge Rd, San Francisco, CA', '415-888-4567', 'edge@computingbooks.com', TRUE),
('PUB166', 'Biometrics & AI Security Press', '499 Retina Scan Blvd, Washington, DC', '202-123-4567', 'biometrics@aipress.com', TRUE),
('PUB167', 'Renewable Energy Future Publishers', '33 Wind Farm Ave, Denver, CO', '303-876-5432', 'renewable@energyfuture.com', TRUE),
('PUB168', 'Soft Robotics Books', '190 Flexible Machines Rd, San Jose, CA', '408-555-7890', 'soft@roboticsbooks.com', FALSE),
('PUB169', 'Electromagnetism & Photonics Publishers', '599 Light Wave Ave, Boston, MA', '617-666-2345', 'em@photonics.com', TRUE),
('PUB170', 'Green Transportation Publishing', '710 EV Blvd, Detroit, MI', '313-222-9999', 'green@transportpub.com', FALSE),
('PUB171', 'Superconductors & Quantum Circuits Press', '850 Cold State Blvd, Berkeley, CA', '510-555-5678', 'super@conductorspress.com', TRUE),
('PUB172', 'Microfluidics & Biochips Publishers', '88 Nano Lab St, Austin, TX', '512-234-9876', 'micro@biochipspress.com', TRUE),
('PUB173', 'Geospatial & Remote Sensing Press', '250 Satellite St, Miami, FL', '305-777-6789', 'geo@remotesensingpub.com', TRUE),
('PUB174', 'Smart Agriculture Books', '670 AgriTech Blvd, Portland, OR', '503-234-5678', 'smart@agriculturebooks.com', TRUE),
('PUB175', 'AI for Healthcare Press', '45 AI Med Rd, Chicago, IL', '312-555-8901', 'ai@healthcarepress.com', TRUE),
('PUB176', 'Blockchain Applications Publishing', '850 Ledger St, Palo Alto, CA', '650-999-8888', 'blockchain@apps.com', FALSE),
('PUB177', 'Space Robotics Press', '999 Mars Rover Lane, Houston, TX', '713-222-7654', 'spacerobotics@press.com', TRUE),
('PUB178', 'Automated Supply Chain Books', '333 Logistics Rd, New York, NY', '212-666-9999', 'auto@supplychainbooks.com', TRUE),
('PUB179', 'AI Ethics & Policy Publishers', '510 Responsible AI Ave, San Francisco, CA', '415-789-5678', 'ethics@aipubs.com', TRUE),
('PUB180', 'Haptic Technology Press', '555 Touch Sense Blvd, Los Angeles, CA', '323-234-7890', 'haptics@techpress.com', FALSE),
('PUB181', 'Smart Grid Technology Publishers', '750 Power Distribution Rd, Denver, CO', '303-555-6789', 'smart@gridtech.com', TRUE),
('PUB182', 'Oceanography & Climate Change Books', '99 Deep Sea Ave, Miami, FL', '305-333-8901', 'ocean@climatepress.com', TRUE),
('PUB183', 'Genomics & Proteomics Publishers', '125 Bioinformatics Rd, Boston, MA', '617-999-5432', 'genomics@proteomicsbooks.com', TRUE),
('PUB184', 'Swarm Intelligence Press', '400 Hive Mind Lane, Seattle, WA', '206-888-1234', 'swarm@intelligencepress.com', TRUE),
('PUB185', 'Cryptographic Systems Books', '120 Digital Lock Rd, Washington, DC', '202-666-9876', 'crypto@systemsbooks.com', FALSE),
('PUB186', 'AI for Autonomous Drones Press', '340 UAV St, San Diego, CA', '858-999-5678', 'ai@dronespress.com', TRUE),
('PUB187', 'Metamaterials & Optical Tech Books', '88 Light Bending Ave, San Francisco, CA', '415-333-4567', 'meta@materialsbooks.com', TRUE),
('PUB188', 'Space Mining Press', '555 Asteroid Belt Rd, Houston, TX', '713-777-5432', 'spacemining@press.com', FALSE),
('PUB189', 'Hyperloop Engineering Books', '101 Fast Transit Blvd, Los Angeles, CA', '323-567-8901', 'hyperloop@engineeringbooks.com', TRUE),
('PUB190', 'Brain-Computer Interface Publishers', '900 Neural Link Rd, Palo Alto, CA', '650-888-1111', 'bci@publishers.com', TRUE),
('PUB191', 'Synthetic Biology Innovations Press', '333 BioTech Ave, San Jose, CA', '408-555-2345', 'synbio@press.com', TRUE),
('PUB192', 'Cognitive Computing Books', '200 Smart AI Blvd, Boston, MA', '617-333-7890', 'cognitive@computingbooks.com', TRUE),
('PUB193', 'IoT Security Press', '400 Secure IoT Ave, Dallas, TX', '214-888-9999', 'iot@securitypress.com', TRUE),
('PUB194', 'AI for Smart Homes Publishers', '888 Home Automation Rd, Seattle, WA', '206-234-5678', 'ai@smarthomepubs.com', FALSE),
('PUB195', 'AI in LegalTech Press', '678 LawTech Blvd, New York, NY', '212-555-6789', 'ai@legaltechpress.com', TRUE),
('PUB196', 'Next-Gen Batteries Publishers', '540 Energy Storage Rd, San Francisco, CA', '415-333-9999', 'batteries@nextgenpub.com', TRUE),
('PUB197', 'AI-Powered Education Press', '777 EdTech Lane, Boston, MA', '617-888-1234', 'ai@educationpress.com', FALSE),
('PUB198', 'Cyber-Physical Systems Publishing', '321 Embedded IoT Blvd, Austin, TX', '512-444-5678', 'cyber@physicalpubs.com', TRUE),
('PUB199', 'Wearable Tech Publishers', '555 SmartWear Rd, Los Angeles, CA', '323-222-7890', 'wearable@techpublishers.com', TRUE),
('PUB200', 'Digital Twin Technology Press', '888 Virtual Replication Blvd, Seattle, WA', '206-999-5432', 'digitaltwin@techpress.com', TRUE);

INSERT INTO Courses (course_id, course_name, department, academic_level) VALUES
('MECH101', 'Advanced Mechanics', 'Mechanical Engineering', 'Undergraduate'),
('MECH102', 'Thermodynamics', 'Mechanical Engineering', 'Undergraduate'),
('MECH103', 'Machine Design', 'Mechanical Engineering', 'Undergraduate'),
('MECH104', 'Fluid Dynamics', 'Mechanical Engineering', 'Postgraduate'),
('MECH105', 'Manufacturing Processes', 'Mechanical Engineering', 'Undergraduate'),
('ELEC106', 'Electrical Circuits', 'Electrical Engineering', 'Undergraduate'),
('ELEC107', 'Power Systems', 'Electrical Engineering', 'Postgraduate'),
('ELEC108', 'Embedded Systems', 'Electrical Engineering', 'Undergraduate'),
('ELEC109', 'Renewable Energy Systems', 'Electrical Engineering', 'Research'),
('ELEC110', 'Microcontrollers & Automation', 'Electrical Engineering', 'Postgraduate'),
('CIVI111', 'Structural Analysis', 'Civil Engineering', 'Undergraduate'),
('CIVI112', 'Construction Management', 'Civil Engineering', 'Postgraduate'),
('CIVI113', 'Geotechnical Engineering', 'Civil Engineering', 'Undergraduate'),
('CIVI114', 'Hydraulic Engineering', 'Civil Engineering', 'Research'),
('CIVI115', 'Urban Planning', 'Civil Engineering', 'Undergraduate'),
('CHEM116', 'Chemical Process Engineering', 'Chemical Engineering', 'Postgraduate'),
('CHEM117', 'Industrial Chemistry', 'Chemical Engineering', 'Undergraduate'),
('CHEM118', 'Polymer Science', 'Chemical Engineering', 'Research'),
('CHEM119', 'Reaction Engineering', 'Chemical Engineering', 'Undergraduate'),
('CHEM120', 'Biochemical Engineering', 'Chemical Engineering', 'Postgraduate'),
('AERO121', 'Aerospace Propulsion', 'Aerospace Engineering', 'Undergraduate'),
('AERO122', 'Avionics & Control Systems', 'Aerospace Engineering', 'Postgraduate'),
('AERO123', 'Aerodynamics', 'Aerospace Engineering', 'Research'),
('AERO124', 'Spacecraft Engineering', 'Aerospace Engineering', 'Undergraduate'),
('AERO125', 'Flight Mechanics', 'Aerospace Engineering', 'Postgraduate'),
('BIOM126', 'Medical Imaging', 'Biomedical Engineering', 'Undergraduate'),
('BIOM127', 'Biomechanics', 'Biomedical Engineering', 'Postgraduate'),
('BIOM128', 'Biomedical Instrumentation', 'Biomedical Engineering', 'Research'),
('BIOM129', 'Neuroengineering', 'Biomedical Engineering', 'Undergraduate'),
('BIOM130', 'Prosthetics & Orthotics', 'Biomedical Engineering', 'Postgraduate'),
('ROBO131', 'Robotics & AI', 'Robotics', 'Undergraduate'),
('ROBO132', 'Control Systems in Robotics', 'Robotics', 'Postgraduate'),
('ROBO133', 'Humanoid Robotics', 'Robotics', 'Research'),
('ROBO134', 'Autonomous Vehicles', 'Robotics', 'Undergraduate'),
('ROBO135', 'Robotic Sensors & Actuators', 'Robotics', 'Postgraduate'),
('MECH136', 'Heat Transfer', 'Mechanical Engineering', 'Undergraduate'),
('ELEC137', 'Digital Electronics', 'Electrical Engineering', 'Postgraduate'),
('CIVI138', 'Transportation Engineering', 'Civil Engineering', 'Research'),
('AERO139', 'Hypersonic Aerodynamics', 'Aerospace Engineering', 'Postgraduate'),
('MECH140', 'Automobile Engineering', 'Mechanical Engineering', 'Undergraduate'),
('MECH141', 'Mechatronics', 'Mechanical Engineering', 'Postgraduate'),
('MECH142', 'Computational Fluid Dynamics', 'Mechanical Engineering', 'Research'),
('MECH143', 'Material Science', 'Mechanical Engineering', 'Undergraduate'),
('MECH144', 'Industrial Robotics', 'Mechanical Engineering', 'Postgraduate'),
('ELEC145', 'VLSI Design', 'Electrical Engineering', 'Research'),
('ELEC146', 'High Voltage Engineering', 'Electrical Engineering', 'Undergraduate'),
('ELEC147', 'Control Systems', 'Electrical Engineering', 'Postgraduate'),
('ELEC148', 'Smart Grid Technology', 'Electrical Engineering', 'Research'),
('ELEC149', 'Electromagnetic Fields', 'Electrical Engineering', 'Undergraduate'),
('CIVI150', 'Soil Mechanics', 'Civil Engineering', 'Postgraduate'),
('CIVI151', 'Concrete Technology', 'Civil Engineering', 'Research'),
('CIVI152', 'Structural Dynamics', 'Civil Engineering', 'Undergraduate'),
('CIVI153', 'Water Resources Engineering', 'Civil Engineering', 'Postgraduate'),
('CIVI154', 'Bridge Engineering', 'Civil Engineering', 'Research'),
('CHEM155', 'Mass Transfer Operations', 'Chemical Engineering', 'Undergraduate'),
('CHEM156', 'Food Process Engineering', 'Chemical Engineering', 'Postgraduate'),
('CHEM157', 'Process Control & Instrumentation', 'Chemical Engineering', 'Research'),
('CHEM158', 'Petroleum Refinery Engineering', 'Chemical Engineering', 'Undergraduate'),
('CHEM159', 'Green Chemistry', 'Chemical Engineering', 'Postgraduate'),
('AERO160', 'Helicopter Aerodynamics', 'Aerospace Engineering', 'Research'),
('AERO161', 'Aircraft Structural Analysis', 'Aerospace Engineering', 'Undergraduate'),
('AERO162', 'Space Mission Design', 'Aerospace Engineering', 'Postgraduate'),
('AERO163', 'Rocket Propulsion', 'Aerospace Engineering', 'Research'),
('AERO164', 'Satellite Communications', 'Aerospace Engineering', 'Undergraduate'),
('BIOM165', 'Tissue Engineering', 'Biomedical Engineering', 'Postgraduate'),
('BIOM166', 'Medical Robotics', 'Biomedical Engineering', 'Research'),
('BIOM167', 'Bioinformatics', 'Biomedical Engineering', 'Undergraduate'),
('BIOM168', 'Biosignal Processing', 'Biomedical Engineering', 'Postgraduate'),
('BIOM169', 'Rehabilitation Engineering', 'Biomedical Engineering', 'Research'),
('ROBO170', 'Soft Robotics', 'Robotics', 'Undergraduate'),
('ROBO171', 'Machine Vision', 'Robotics', 'Postgraduate'),
('ROBO172', 'Swarm Robotics', 'Robotics', 'Research'),
('ROBO173', 'Cybernetics & Human-Robot Interaction', 'Robotics', 'Undergraduate'),
('ROBO174', 'Wearable Robotics', 'Robotics', 'Postgraduate'),
('MECH175', 'Dynamics of Machinery', 'Mechanical Engineering', 'Research'),
('ELEC176', 'Power Electronics', 'Electrical Engineering', 'Undergraduate'),
('CIVI177', 'Earthquake Engineering', 'Civil Engineering', 'Postgraduate'),
('AERO178', 'Unmanned Aerial Vehicles', 'Aerospace Engineering', 'Research'),
('MECH179', 'Advanced Thermodynamics', 'Mechanical Engineering', 'Undergraduate'),
('MECH180', 'Additive Manufacturing', 'Mechanical Engineering', 'Postgraduate'),
('MECH181', 'Computational Mechanics', 'Mechanical Engineering', 'Research'),
('MECH182', 'Heat and Mass Transfer', 'Mechanical Engineering', 'Undergraduate'),
('MECH183', 'Tribology', 'Mechanical Engineering', 'Postgraduate'),
('ELEC184', 'Renewable Energy Systems', 'Electrical Engineering', 'Research'),
('ELEC185', 'Electric Vehicle Technology', 'Electrical Engineering', 'Undergraduate'),
('ELEC186', 'Embedded Systems', 'Electrical Engineering', 'Postgraduate'),
('ELEC187', 'Digital Signal Processing', 'Electrical Engineering', 'Research'),
('ELEC188', 'Power System Protection', 'Electrical Engineering', 'Undergraduate'),
('CIVI189', 'Geotechnical Engineering', 'Civil Engineering', 'Postgraduate'),
('CIVI190', 'Construction Management', 'Civil Engineering', 'Research'),
('CIVI191', 'Hydraulics and Hydrology', 'Civil Engineering', 'Undergraduate'),
('CIVI192', 'Advanced Structural Analysis', 'Civil Engineering', 'Postgraduate'),
('CIVI193', 'Environmental Engineering', 'Civil Engineering', 'Research'),
('CHEM194', 'Polymer Technology', 'Chemical Engineering', 'Undergraduate'),
('CHEM195', 'Chemical Reaction Engineering', 'Chemical Engineering', 'Postgraduate'),
('CHEM196', 'Process Safety and Risk Management', 'Chemical Engineering', 'Research'),
('CHEM197', 'Nanotechnology in Chemical Engineering', 'Chemical Engineering', 'Undergraduate'),
('CHEM198', 'Biochemical Engineering', 'Chemical Engineering', 'Postgraduate'),
('AERO199', 'Hypersonic Aerodynamics', 'Aerospace Engineering', 'Research'),
('AERO200', 'Aircraft Performance Analysis', 'Aerospace Engineering', 'Undergraduate'),
('AERO201', 'Aerospace Materials', 'Aerospace Engineering', 'Postgraduate'),
('AERO202', 'Flight Stability and Control', 'Aerospace Engineering', 'Research'),
('AERO203', 'Orbital Mechanics', 'Aerospace Engineering', 'Undergraduate'),
('BIOM204', 'Neural Engineering', 'Biomedical Engineering', 'Postgraduate'),
('BIOM205', 'Biomechanics', 'Biomedical Engineering', 'Research'),
('BIOM206', 'Biomedical Imaging', 'Biomedical Engineering', 'Undergraduate'),
('BIOM207', 'Bionanotechnology', 'Biomedical Engineering', 'Postgraduate'),
('BIOM208', 'Genetic Engineering', 'Biomedical Engineering', 'Research'),
('ROBO209', 'Autonomous Robotics', 'Robotics', 'Undergraduate'),
('ROBO210', 'AI in Robotics', 'Robotics', 'Postgraduate'),
('ROBO211', 'Humanoid Robotics', 'Robotics', 'Research'),
('ROBO212', 'Underwater Robotics', 'Robotics', 'Undergraduate'),
('ROBO213', 'Medical Robotics Applications', 'Robotics', 'Postgraduate'),
('MECH214', 'Vibration Analysis', 'Mechanical Engineering', 'Research'),
('ELEC215', 'Smart Sensors', 'Electrical Engineering', 'Undergraduate'),
('CIVI216', 'Urban Planning', 'Civil Engineering', 'Postgraduate'),
('AERO217', 'Avionics Systems', 'Aerospace Engineering', 'Research'),
('MECH218', 'Automotive Engineering', 'Mechanical Engineering', 'Undergraduate'),
('MECH219', 'Computational Fluid Dynamics', 'Mechanical Engineering', 'Postgraduate'),
('MECH220', 'Robotics and Automation', 'Mechanical Engineering', 'Research'),
('MECH221', 'Turbomachinery', 'Mechanical Engineering', 'Undergraduate'),
('MECH222', 'Material Science and Metallurgy', 'Mechanical Engineering', 'Postgraduate'),
('ELEC223', 'High Voltage Engineering', 'Electrical Engineering', 'Research'),
('ELEC224', 'Control Systems Engineering', 'Electrical Engineering', 'Undergraduate'),
('ELEC225', 'Microelectronics', 'Electrical Engineering', 'Postgraduate'),
('ELEC226', 'Power Electronics', 'Electrical Engineering', 'Research'),
('ELEC227', 'Optical Communication Systems', 'Electrical Engineering', 'Undergraduate'),
('CIVI228', 'Earthquake Engineering', 'Civil Engineering', 'Postgraduate'),
('CIVI229', 'Sustainable Construction', 'Civil Engineering', 'Research'),
('CIVI230', 'Bridge Engineering', 'Civil Engineering', 'Undergraduate'),
('CIVI231', 'Traffic Engineering', 'Civil Engineering', 'Postgraduate'),
('CIVI232', 'Coastal Engineering', 'Civil Engineering', 'Research'),
('CHEM233', 'Petrochemical Processes', 'Chemical Engineering', 'Undergraduate'),
('CHEM234', 'Catalysis and Reaction Engineering', 'Chemical Engineering', 'Postgraduate'),
('CHEM235', 'Industrial Waste Management', 'Chemical Engineering', 'Research'),
('CHEM236', 'Food Process Engineering', 'Chemical Engineering', 'Undergraduate'),
('CHEM237', 'Membrane Technology', 'Chemical Engineering', 'Postgraduate'),
('AERO238', 'Helicopter Aerodynamics', 'Aerospace Engineering', 'Research'),
('AERO239', 'Advanced Propulsion Systems', 'Aerospace Engineering', 'Undergraduate'),
('AERO240', 'Spacecraft Design', 'Aerospace Engineering', 'Postgraduate'),
('AERO241', 'Flight Mechanics', 'Aerospace Engineering', 'Research'),
('AERO242', 'Unmanned Aerial Vehicles', 'Aerospace Engineering', 'Undergraduate'),
('BIOM243', 'Medical Instrumentation', 'Biomedical Engineering', 'Postgraduate'),
('BIOM244', 'Tissue Engineering', 'Biomedical Engineering', 'Research'),
('BIOM245', 'Bioinformatics', 'Biomedical Engineering', 'Undergraduate'),
('BIOM246', 'Pharmaceutical Biotechnology', 'Biomedical Engineering', 'Postgraduate'),
('BIOM247', 'Rehabilitation Engineering', 'Biomedical Engineering', 'Research'),
('ROBO248', 'Soft Robotics', 'Robotics', 'Undergraduate'),
('ROBO249', 'Swarm Robotics', 'Robotics', 'Postgraduate'),
('ROBO250', 'Haptic Interfaces', 'Robotics', 'Research'),
('ROBO251', 'Vision-based Robotics', 'Robotics', 'Undergraduate');

INSERT INTO Books (book_id, title, author_id, publisher_id, publication_year, genre, isbn, copies_available, book_status, academic_level, course_association) VALUES
('B101', 'Advanced Robotics: Principles and Applications', 'Auth102', 'PUB111', 2020, 'Robotics', '978-3-16-148410-0', 5, 'Available', 'Postgraduate', 'ROBO132'),
('B102', 'Thermodynamics for Engineers', 'Auth105', 'PUB101', 2019, 'Mechanical Engineering', '978-1-23-456789-0', 10, 'Available', 'Undergraduate', 'MECH102'),
('B103', 'Electrical Circuits and Systems', 'Auth119', 'PUB107', 2021, 'Electrical Engineering', '978-0-12-345678-9', 7, 'Available', 'Undergraduate', 'ELEC106'),
('B104', 'Structural Analysis in Civil Engineering', 'Auth121', 'PUB110', 2018, 'Civil Engineering', '978-1-11-222333-4', 3, 'Available', 'Postgraduate', 'CIVI111'),
('B105', 'Biomedical Instrumentation: A Practical Guide', 'Auth126', 'PUB106', 2022, 'Biomedical Engineering', '978-2-22-333444-5', 8, 'Available', 'Research', 'BIOM128'),
('B106', 'Aerospace Propulsion Systems', 'Auth110', 'PUB105', 2020, 'Aerospace Engineering', '978-3-33-444555-6', 6, 'Available', 'Undergraduate', 'AERO121'),
('B107', 'Chemical Process Engineering', 'Auth108', 'PUB109', 2019, 'Chemical Engineering', '978-4-44-555666-7', 4, 'Available', 'Postgraduate', 'CHEM116'),
('B108', 'Introduction to Robotics and AI', 'Auth102', 'PUB111', 2021, 'Robotics', '978-5-55-666777-8', 9, 'Available', 'Undergraduate', 'ROBO131'),
('B109', 'Power Systems Engineering', 'Auth119', 'PUB107', 2020, 'Electrical Engineering', '978-6-66-777888-9', 2, 'Available', 'Postgraduate', 'ELEC107'),
('B110', 'Geotechnical Engineering Fundamentals', 'Auth121', 'PUB110', 2018, 'Civil Engineering', '978-7-77-888999-0', 5, 'Available', 'Undergraduate', 'CIVI113'),
('B111', 'Polymer Science and Technology', 'Auth108', 'PUB109', 2021, 'Chemical Engineering', '978-8-88-999000-1', 6, 'Available', 'Research', 'CHEM118'),
('B112', 'Aerodynamics: Theory and Applications', 'Auth110', 'PUB105', 2020, 'Aerospace Engineering', '978-9-99-000111-2', 7, 'Available', 'Postgraduate', 'AERO123'),
('B113', 'Biomechanics: Principles and Practices', 'Auth126', 'PUB106', 2019, 'Biomedical Engineering', '978-0-11-222333-4', 4, 'Available', 'Postgraduate', 'BIOM127'),
('B114', 'Control Systems in Robotics', 'Auth102', 'PUB111', 2022, 'Robotics', '978-1-22-333444-5', 8, 'Available', 'Postgraduate', 'ROBO132'),
('B115', 'Manufacturing Processes in Mechanical Engineering', 'Auth105', 'PUB101', 2021, 'Mechanical Engineering', '978-2-33-444555-6', 10, 'Available', 'Undergraduate', 'MECH105'),
('B116', 'Renewable Energy Systems', 'Auth119', 'PUB107', 2020, 'Electrical Engineering', '978-3-44-555666-7', 5, 'Available', 'Research', 'ELEC109'),
('B117', 'Urban Planning and Design', 'Auth121', 'PUB110', 2019, 'Civil Engineering', '978-4-55-666777-8', 6, 'Available', 'Undergraduate', 'CIVI115'),
('B118', 'Industrial Chemistry: Principles and Applications', 'Auth108', 'PUB109', 2022, 'Chemical Engineering', '978-5-66-777888-9', 3, 'Available', 'Undergraduate', 'CHEM117'),
('B119', 'Avionics and Control Systems', 'Auth110', 'PUB105', 2021, 'Aerospace Engineering', '978-6-77-888999-0', 7, 'Available', 'Postgraduate', 'AERO122'),
('B120', 'Neuroengineering: Bridging Neuroscience and Technology', 'Auth126', 'PUB106', 2020, 'Biomedical Engineering', '978-7-88-999000-1', 4, 'Available', 'Research', 'BIOM129'),
('B121', 'Humanoid Robotics: Design and Implementation', 'Auth102', 'PUB111', 2019, 'Robotics', '978-8-99-000111-2', 9, 'Available', 'Research', 'ROBO133'),
('B122', 'Heat Transfer in Mechanical Systems', 'Auth105', 'PUB101', 2022, 'Mechanical Engineering', '978-9-00-111222-3', 8, 'Available', 'Undergraduate', 'MECH136'),
('B123', 'Digital Electronics: Principles and Applications', 'Auth119', 'PUB107', 2021, 'Electrical Engineering', '978-0-11-222333-4', 6, 'Available', 'Postgraduate', 'ELEC137'),
('B124', 'Transportation Engineering: Planning and Design', 'Auth121', 'PUB110', 2020, 'Civil Engineering', '978-1-22-333444-5', 5, 'Available', 'Research', 'CIVI138'),
('B125', 'Hypersonic Aerodynamics', 'Auth110', 'PUB105', 2019, 'Aerospace Engineering', '978-2-33-444555-6', 4, 'Available', 'Postgraduate', 'AERO139'),
('B126', 'Automobile Engineering: Principles and Practices', 'Auth105', 'PUB101', 2022, 'Mechanical Engineering', '978-3-44-555666-7', 7, 'Available', 'Undergraduate', 'MECH140'),
('B127', 'Mechatronics: Integrating Mechanics and Electronics', 'Auth105', 'PUB101', 2021, 'Mechanical Engineering', '978-4-55-666777-8', 6, 'Available', 'Postgraduate', 'MECH141'),
('B128', 'Computational Fluid Dynamics', 'Auth105', 'PUB101', 2020, 'Mechanical Engineering', '978-5-66-777888-9', 5, 'Available', 'Research', 'MECH142'),
('B129', 'Material Science in Mechanical Engineering', 'Auth105', 'PUB101', 2019, 'Mechanical Engineering', '978-6-77-888999-0', 8, 'Available', 'Undergraduate', 'MECH143'),
('B130', 'Industrial Robotics: Automation and Control', 'Auth105', 'PUB101', 2022, 'Mechanical Engineering', '978-7-88-999000-1', 4, 'Available', 'Postgraduate', 'MECH144'),
('B131', 'VLSI Design: Principles and Applications', 'Auth119', 'PUB107', 2021, 'Electrical Engineering', '978-8-99-000111-2', 6, 'Available', 'Research', 'ELEC145'),
('B132', 'High Voltage Engineering', 'Auth119', 'PUB107', 2020, 'Electrical Engineering', '978-9-00-111222-3', 5, 'Available', 'Undergraduate', 'ELEC146'),
('B133', 'Control Systems Engineering', 'Auth119', 'PUB107', 2019, 'Electrical Engineering', '978-0-11-222333-4', 7, 'Available', 'Postgraduate', 'ELEC147'),
('B134', 'Smart Grid Technology', 'Auth119', 'PUB107', 2022, 'Electrical Engineering', '978-1-22-333444-5', 8, 'Available', 'Research', 'ELEC148'),
('B135', 'Electromagnetic Fields and Waves', 'Auth119', 'PUB107', 2021, 'Electrical Engineering', '978-2-33-444555-6', 6, 'Available', 'Undergraduate', 'ELEC149'),
('B136', 'Soil Mechanics in Civil Engineering', 'Auth121', 'PUB110', 2020, 'Civil Engineering', '978-3-44-555666-7', 5, 'Available', 'Postgraduate', 'CIVI150'),
('B137', 'Concrete Technology: Principles and Applications', 'Auth121', 'PUB110', 2019, 'Civil Engineering', '978-4-55-666777-8', 4, 'Available', 'Research', 'CIVI151'),
('B138', 'Structural Dynamics', 'Auth121', 'PUB110', 2022, 'Civil Engineering', '978-5-66-777888-9', 7, 'Available', 'Undergraduate', 'CIVI152'),
('B139', 'Water Resources Engineering', 'Auth121', 'PUB110', 2021, 'Civil Engineering', '978-6-77-888999-0', 6, 'Available', 'Postgraduate', 'CIVI153'),
('B140', 'Bridge Engineering: Design and Analysis', 'Auth121', 'PUB110', 2020, 'Civil Engineering', '978-7-88-999000-1', 5, 'Available', 'Research', 'CIVI154'),
('B141', 'Mass Transfer Operations', 'Auth108', 'PUB109', 2019, 'Chemical Engineering', '978-8-99-000111-2', 8, 'Available', 'Undergraduate', 'CHEM155'),
('B142', 'Food Process Engineering', 'Auth108', 'PUB109', 2022, 'Chemical Engineering', '978-9-00-111222-3', 6, 'Available', 'Postgraduate', 'CHEM156'),
('B143', 'Process Control and Instrumentation', 'Auth108', 'PUB109', 2021, 'Chemical Engineering', '978-0-11-222333-4', 7, 'Available', 'Research', 'CHEM157'),
('B144', 'Petroleum Refinery Engineering', 'Auth108', 'PUB109', 2020, 'Chemical Engineering', '978-1-22-333444-5', 5, 'Available', 'Undergraduate', 'CHEM158'),
('B145', 'Green Chemistry: Principles and Practices', 'Auth108', 'PUB109', 2019, 'Chemical Engineering', '978-2-33-444555-6', 4, 'Available', 'Postgraduate', 'CHEM159'),
('B146', 'Helicopter Aerodynamics', 'Auth110', 'PUB105', 2022, 'Aerospace Engineering', '978-3-44-555666-7', 6, 'Available', 'Research', 'AERO160'),
('B147', 'Aircraft Structural Analysis', 'Auth110', 'PUB105', 2021, 'Aerospace Engineering', '978-4-55-666777-8', 7, 'Available', 'Undergraduate', 'AERO161'),
('B148', 'Space Mission Design', 'Auth110', 'PUB105', 2020, 'Aerospace Engineering', '978-5-66-777888-9', 5, 'Available', 'Postgraduate', 'AERO162'),
('B149', 'Rocket Propulsion', 'Auth110', 'PUB105', 2019, 'Aerospace Engineering', '978-6-77-888999-0', 8, 'Available', 'Research', 'AERO163'),
('B150', 'Satellite Communications', 'Auth110', 'PUB105', 2022, 'Aerospace Engineering', '978-7-88-999000-1', 6, 'Available', 'Undergraduate', 'AERO164');

INSERT INTO Books (book_id, title, author_id, publisher_id, publication_year, genre, isbn, copies_available, book_status, academic_level, course_association) VALUES
('B151', 'Tissue Engineering: Principles and Practices', 'Auth126', 'PUB106', 2021, 'Biomedical Engineering', '978-8-99-000111-2', 6, 'Available', 'Postgraduate', 'BIOM165'),
('B152', 'Medical Robotics: Applications and Innovations', 'Auth126', 'PUB106', 2020, 'Biomedical Engineering', '978-9-00-111222-3', 7, 'Available', 'Research', 'BIOM166'),
('B153', 'Bioinformatics: A Practical Approach', 'Auth126', 'PUB106', 2019, 'Biomedical Engineering', '978-0-11-222333-4', 5, 'Available', 'Undergraduate', 'BIOM167'),
('B154', 'Biosignal Processing: Theory and Applications', 'Auth126', 'PUB106', 2022, 'Biomedical Engineering', '978-1-22-333444-5', 8, 'Available', 'Postgraduate', 'BIOM168'),
('B155', 'Rehabilitation Engineering: Principles and Practices', 'Auth126', 'PUB106', 2021, 'Biomedical Engineering', '978-2-33-444555-6', 4, 'Available', 'Research', 'BIOM169'),
('B156', 'Soft Robotics: Design and Applications', 'Auth102', 'PUB111', 2020, 'Robotics', '978-3-44-555666-7', 9, 'Available', 'Undergraduate', 'ROBO170'),
('B157', 'Machine Vision in Robotics', 'Auth102', 'PUB111', 2019, 'Robotics', '978-4-55-666777-8', 6, 'Available', 'Postgraduate', 'ROBO171'),
('B158', 'Swarm Robotics: Theory and Applications', 'Auth102', 'PUB111', 2022, 'Robotics', '978-5-66-777888-9', 7, 'Available', 'Research', 'ROBO172'),
('B159', 'Cybernetics and Human-Robot Interaction', 'Auth102', 'PUB111', 2021, 'Robotics', '978-6-77-888999-0', 5, 'Available', 'Undergraduate', 'ROBO173'),
('B160', 'Wearable Robotics: Innovations and Applications', 'Auth102', 'PUB111', 2020, 'Robotics', '978-7-88-999000-1', 8, 'Available', 'Postgraduate', 'ROBO174'),
('B161', 'Dynamics of Machinery', 'Auth105', 'PUB101', 2019, 'Mechanical Engineering', '978-8-99-000111-2', 6, 'Available', 'Research', 'MECH175'),
('B162', 'Power Electronics: Principles and Applications', 'Auth119', 'PUB107', 2022, 'Electrical Engineering', '978-9-00-111222-3', 7, 'Available', 'Undergraduate', 'ELEC176'),
('B163', 'Earthquake Engineering: Design and Analysis', 'Auth121', 'PUB110', 2021, 'Civil Engineering', '978-0-11-222333-4', 5, 'Available', 'Postgraduate', 'CIVI177'),
('B164', 'Unmanned Aerial Vehicles: Design and Control', 'Auth110', 'PUB105', 2020, 'Aerospace Engineering', '978-1-22-333444-5', 6, 'Available', 'Research', 'AERO178'),
('B165', 'Advanced Thermodynamics', 'Auth105', 'PUB101', 2019, 'Mechanical Engineering', '978-2-33-444555-6', 8, 'Available', 'Undergraduate', 'MECH179'),
('B166', 'Additive Manufacturing: Principles and Practices', 'Auth105', 'PUB101', 2022, 'Mechanical Engineering', '978-3-44-555666-7', 7, 'Available', 'Postgraduate', 'MECH180'),
('B167', 'Computational Mechanics: Theory and Applications', 'Auth105', 'PUB101', 2021, 'Mechanical Engineering', '978-4-55-666777-8', 6, 'Available', 'Research', 'MECH181'),
('B168', 'Heat and Mass Transfer', 'Auth105', 'PUB101', 2020, 'Mechanical Engineering', '978-5-66-777888-9', 5, 'Available', 'Undergraduate', 'MECH182'),
('B169', 'Tribology: Friction, Wear, and Lubrication', 'Auth105', 'PUB101', 2019, 'Mechanical Engineering', '978-6-77-888999-0', 4, 'Available', 'Postgraduate', 'MECH183'),
('B170', 'Renewable Energy Systems: Design and Implementation', 'Auth119', 'PUB107', 2022, 'Electrical Engineering', '978-7-88-999000-1', 8, 'Available', 'Research', 'ELEC184'),
('B171', 'Electric Vehicle Technology', 'Auth119', 'PUB107', 2021, 'Electrical Engineering', '978-8-99-000111-2', 6, 'Available', 'Undergraduate', 'ELEC185'),
('B172', 'Embedded Systems: Design and Applications', 'Auth119', 'PUB107', 2020, 'Electrical Engineering', '978-9-00-111222-3', 7, 'Available', 'Postgraduate', 'ELEC186'),
('B173', 'Digital Signal Processing', 'Auth119', 'PUB107', 2019, 'Electrical Engineering', '978-0-11-222333-4', 5, 'Available', 'Research', 'ELEC187'),
('B174', 'Power System Protection', 'Auth119', 'PUB107', 2022, 'Electrical Engineering', '978-1-22-333444-5', 6, 'Available', 'Undergraduate', 'ELEC188'),
('B175', 'Geotechnical Engineering: Principles and Practices', 'Auth121', 'PUB110', 2021, 'Civil Engineering', '978-2-33-444555-6', 7, 'Available', 'Postgraduate', 'CIVI189'),
('B176', 'Construction Management: Theory and Applications', 'Auth121', 'PUB110', 2020, 'Civil Engineering', '978-3-44-555666-7', 8, 'Available', 'Research', 'CIVI190'),
('B177', 'Hydraulics and Hydrology', 'Auth121', 'PUB110', 2019, 'Civil Engineering', '978-4-55-666777-8', 6, 'Available', 'Undergraduate', 'CIVI191'),
('B178', 'Advanced Structural Analysis', 'Auth121', 'PUB110', 2022, 'Civil Engineering', '978-5-66-777888-9', 5, 'Available', 'Postgraduate', 'CIVI192'),
('B179', 'Environmental Engineering: Principles and Practices', 'Auth121', 'PUB110', 2021, 'Civil Engineering', '978-6-77-888999-0', 7, 'Available', 'Research', 'CIVI193'),
('B180', 'Polymer Technology: Principles and Applications', 'Auth108', 'PUB109', 2020, 'Chemical Engineering', '978-7-88-999000-1', 6, 'Available', 'Undergraduate', 'CHEM194'),
('B181', 'Chemical Reaction Engineering', 'Auth108', 'PUB109', 2019, 'Chemical Engineering', '978-8-99-000111-2', 8, 'Available', 'Postgraduate', 'CHEM195'),
('B182', 'Process Safety and Risk Management', 'Auth108', 'PUB109', 2022, 'Chemical Engineering', '978-9-00-111222-3', 7, 'Available', 'Research', 'CHEM196'),
('B183', 'Nanotechnology in Chemical Engineering', 'Auth108', 'PUB109', 2021, 'Chemical Engineering', '978-0-11-222333-4', 5, 'Available', 'Undergraduate', 'CHEM197'),
('B184', 'Biochemical Engineering: Principles and Practices', 'Auth108', 'PUB109', 2020, 'Chemical Engineering', '978-1-22-333444-5', 6, 'Available', 'Postgraduate', 'CHEM198'),
('B185', 'Hypersonic Aerodynamics: Theory and Applications', 'Auth110', 'PUB105', 2019, 'Aerospace Engineering', '978-2-33-444555-6', 7, 'Available', 'Research', 'AERO199'),
('B186', 'Aircraft Performance Analysis', 'Auth110', 'PUB105', 2022, 'Aerospace Engineering', '978-3-44-555666-7', 8, 'Available', 'Undergraduate', 'AERO200'),
('B187', 'Aerospace Materials: Properties and Applications', 'Auth110', 'PUB105', 2021, 'Aerospace Engineering', '978-4-55-666777-8', 6, 'Available', 'Postgraduate', 'AERO201'),
('B188', 'Flight Stability and Control', 'Auth110', 'PUB105', 2020, 'Aerospace Engineering', '978-5-66-777888-9', 5, 'Available', 'Research', 'AERO202'),
('B189', 'Orbital Mechanics: Theory and Applications', 'Auth110', 'PUB105', 2019, 'Aerospace Engineering', '978-6-77-888999-0', 7, 'Available', 'Undergraduate', 'AERO203'),
('B190', 'Neural Engineering: Bridging Neuroscience and Technology', 'Auth126', 'PUB106', 2022, 'Biomedical Engineering', '978-7-88-999000-1', 6, 'Available', 'Postgraduate', 'BIOM204'),
('B191', 'Biomechanics: Principles and Applications', 'Auth126', 'PUB106', 2021, 'Biomedical Engineering', '978-8-99-000111-2', 8, 'Available', 'Research', 'BIOM205'),
('B192', 'Biomedical Imaging: Techniques and Applications', 'Auth126', 'PUB106', 2020, 'Biomedical Engineering', '978-9-00-111222-3', 7, 'Available', 'Undergraduate', 'BIOM206'),
('B193', 'Bionanotechnology: Principles and Practices', 'Auth126', 'PUB106', 2019, 'Biomedical Engineering', '978-0-11-222333-4', 5, 'Available', 'Postgraduate', 'BIOM207'),
('B194', 'Genetic Engineering: Theory and Applications', 'Auth126', 'PUB106', 2022, 'Biomedical Engineering', '978-1-22-333444-5', 6, 'Available', 'Research', 'BIOM208'),
('B195', 'Autonomous Robotics: Design and Control', 'Auth102', 'PUB111', 2021, 'Robotics', '978-2-33-444555-6', 7, 'Available', 'Undergraduate', 'ROBO209'),
('B196', 'AI in Robotics: Innovations and Applications', 'Auth102', 'PUB111', 2020, 'Robotics', '978-3-44-555666-7', 8, 'Available', 'Postgraduate', 'ROBO210'),
('B197', 'Humanoid Robotics: Design and Implementation', 'Auth102', 'PUB111', 2019, 'Robotics', '978-4-55-666777-8', 6, 'Available', 'Research', 'ROBO211'),
('B198', 'Underwater Robotics: Principles and Practices', 'Auth102', 'PUB111', 2022, 'Robotics', '978-5-66-777888-9', 5, 'Available', 'Undergraduate', 'ROBO212'),
('B199', 'Medical Robotics Applications', 'Auth102', 'PUB111', 2021, 'Robotics', '978-6-77-888999-0', 7, 'Available', 'Postgraduate', 'ROBO213'),
('B200', 'Vibration Analysis in Mechanical Systems', 'Auth105', 'PUB101', 2020, 'Mechanical Engineering', '978-7-88-999000-1', 6, 'Available', 'Research', 'MECH214');

INSERT INTO Books (book_id, title, author_id, publisher_id, publication_year, genre, isbn, copies_available, book_status, academic_level, course_association) VALUES
('B201', 'Smart Sensors in Electrical Engineering', 'Auth119', 'PUB107', 2021, 'Electrical Engineering', '978-8-99-000111-2', 6, 'Available', 'Undergraduate', 'ELEC215'),
('B202', 'Urban Planning and Design', 'Auth121', 'PUB110', 2020, 'Civil Engineering', '978-9-00-111222-3', 7, 'Available', 'Postgraduate', 'CIVI216'),
('B203', 'Avionics Systems: Design and Applications', 'Auth110', 'PUB105', 2019, 'Aerospace Engineering', '978-0-11-222333-4', 5, 'Available', 'Research', 'AERO217'),
('B204', 'Automotive Engineering: Principles and Practices', 'Auth105', 'PUB101', 2022, 'Mechanical Engineering', '978-1-22-333444-5', 8, 'Available', 'Undergraduate', 'MECH218'),
('B205', 'Computational Fluid Dynamics: Advanced Techniques', 'Auth105', 'PUB101', 2021, 'Mechanical Engineering', '978-2-33-444555-6', 6, 'Available', 'Postgraduate', 'MECH219'),
('B206', 'Robotics and Automation in Manufacturing', 'Auth105', 'PUB101', 2020, 'Mechanical Engineering', '978-3-44-555666-7', 7, 'Available', 'Research', 'MECH220'),
('B207', 'Turbomachinery: Design and Analysis', 'Auth105', 'PUB101', 2019, 'Mechanical Engineering', '978-4-55-666777-8', 5, 'Available', 'Undergraduate', 'MECH221'),
('B208', 'Material Science and Metallurgy', 'Auth105', 'PUB101', 2022, 'Mechanical Engineering', '978-5-66-777888-9', 6, 'Available', 'Postgraduate', 'MECH222'),
('B209', 'High Voltage Engineering: Principles and Practices', 'Auth119', 'PUB107', 2021, 'Electrical Engineering', '978-6-77-888999-0', 7, 'Available', 'Research', 'ELEC223'),
('B210', 'Control Systems Engineering: Theory and Applications', 'Auth119', 'PUB107', 2020, 'Electrical Engineering', '978-7-88-999000-1', 8, 'Available', 'Undergraduate', 'ELEC224'),
('B211', 'Microelectronics: Design and Fabrication', 'Auth119', 'PUB107', 2019, 'Electrical Engineering', '978-8-99-000111-2', 6, 'Available', 'Postgraduate', 'ELEC225'),
('B212', 'Power Electronics: Advanced Concepts', 'Auth119', 'PUB107', 2022, 'Electrical Engineering', '978-9-00-111222-3', 5, 'Available', 'Research', 'ELEC226'),
('B213', 'Optical Communication Systems', 'Auth119', 'PUB107', 2021, 'Electrical Engineering', '978-0-11-222333-4', 7, 'Available', 'Undergraduate', 'ELEC227'),
('B214', 'Earthquake Engineering: Advanced Techniques', 'Auth121', 'PUB110', 2020, 'Civil Engineering', '978-1-22-333444-5', 6, 'Available', 'Postgraduate', 'CIVI228'),
('B215', 'Sustainable Construction Practices', 'Auth121', 'PUB110', 2019, 'Civil Engineering', '978-2-33-444555-6', 8, 'Available', 'Research', 'CIVI229'),
('B216', 'Bridge Engineering: Advanced Design', 'Auth121', 'PUB110', 2022, 'Civil Engineering', '978-3-44-555666-7', 7, 'Available', 'Undergraduate', 'CIVI230'),
('B217', 'Traffic Engineering: Planning and Management', 'Auth121', 'PUB110', 2021, 'Civil Engineering', '978-4-55-666777-8', 6, 'Available', 'Postgraduate', 'CIVI231'),
('B218', 'Coastal Engineering: Principles and Practices', 'Auth121', 'PUB110', 2020, 'Civil Engineering', '978-5-66-777888-9', 5, 'Available', 'Research', 'CIVI232'),
('B219', 'Petrochemical Processes: Theory and Applications', 'Auth108', 'PUB109', 2019, 'Chemical Engineering', '978-6-77-888999-0', 7, 'Available', 'Undergraduate', 'CHEM233'),
('B220', 'Catalysis and Reaction Engineering', 'Auth108', 'PUB109', 2022, 'Chemical Engineering', '978-7-88-999000-1', 6, 'Available', 'Postgraduate', 'CHEM234'),
('B221', 'Industrial Waste Management', 'Auth108', 'PUB109', 2021, 'Chemical Engineering', '978-8-99-000111-2', 8, 'Available', 'Research', 'CHEM235'),
('B222', 'Food Process Engineering: Advanced Techniques', 'Auth108', 'PUB109', 2020, 'Chemical Engineering', '978-9-00-111222-3', 7, 'Available', 'Undergraduate', 'CHEM236'),
('B223', 'Membrane Technology: Principles and Applications', 'Auth108', 'PUB109', 2019, 'Chemical Engineering', '978-0-11-222333-4', 6, 'Available', 'Postgraduate', 'CHEM237'),
('B224', 'Helicopter Aerodynamics: Advanced Concepts', 'Auth110', 'PUB105', 2022, 'Aerospace Engineering', '978-1-22-333444-5', 5, 'Available', 'Research', 'AERO238'),
('B225', 'Advanced Propulsion Systems', 'Auth110', 'PUB105', 2021, 'Aerospace Engineering', '978-2-33-444555-6', 7, 'Available', 'Undergraduate', 'AERO239'),
('B226', 'Spacecraft Design: Principles and Practices', 'Auth110', 'PUB105', 2020, 'Aerospace Engineering', '978-3-44-555666-7', 6, 'Available', 'Postgraduate', 'AERO240'),
('B227', 'Flight Mechanics: Advanced Techniques', 'Auth110', 'PUB105', 2019, 'Aerospace Engineering', '978-4-55-666777-8', 8, 'Available', 'Research', 'AERO241'),
('B228', 'Unmanned Aerial Vehicles: Advanced Applications', 'Auth110', 'PUB105', 2022, 'Aerospace Engineering', '978-5-66-777888-9', 7, 'Available', 'Undergraduate', 'AERO242'),
('B229', 'Medical Instrumentation: Design and Applications', 'Auth126', 'PUB106', 2021, 'Biomedical Engineering', '978-6-77-888999-0', 6, 'Available', 'Postgraduate', 'BIOM243'),
('B230', 'Tissue Engineering: Advanced Techniques', 'Auth126', 'PUB106', 2020, 'Biomedical Engineering', '978-7-88-999000-1', 5, 'Available', 'Research', 'BIOM244'),
('B231', 'Bioinformatics: Advanced Applications', 'Auth126', 'PUB106', 2019, 'Biomedical Engineering', '978-8-99-000111-2', 7, 'Available', 'Undergraduate', 'BIOM245'),
('B232', 'Pharmaceutical Biotechnology', 'Auth126', 'PUB106', 2022, 'Biomedical Engineering', '978-9-00-111222-3', 8, 'Available', 'Postgraduate', 'BIOM246'),
('B233', 'Rehabilitation Engineering: Advanced Techniques', 'Auth126', 'PUB106', 2021, 'Biomedical Engineering', '978-0-11-222333-4', 6, 'Available', 'Research', 'BIOM247'),
('B234', 'Soft Robotics: Advanced Applications', 'Auth102', 'PUB111', 2020, 'Robotics', '978-1-22-333444-5', 7, 'Available', 'Undergraduate', 'ROBO248'),
('B235', 'Swarm Robotics: Advanced Techniques', 'Auth102', 'PUB111', 2019, 'Robotics', '978-2-33-444555-6', 5, 'Available', 'Postgraduate', 'ROBO249'),
('B236', 'Haptic Interfaces in Robotics', 'Auth102', 'PUB111', 2022, 'Robotics', '978-3-44-555666-7', 6, 'Available', 'Research', 'ROBO250'),
('B237', 'Vision-based Robotics: Principles and Practices', 'Auth102', 'PUB111', 2021, 'Robotics', '978-4-55-666777-8', 8, 'Available', 'Undergraduate', 'ROBO251'),
('B238', 'Advanced Mechanics of Materials', 'Auth105', 'PUB101', 2020, 'Mechanical Engineering', '978-5-66-777888-9', 7, 'Available', 'Postgraduate', 'MECH101'),
('B239', 'Thermodynamics: Advanced Concepts', 'Auth105', 'PUB101', 2019, 'Mechanical Engineering', '978-6-77-888999-0', 6, 'Available', 'Undergraduate', 'MECH102'),
('B240', 'Machine Design: Advanced Techniques', 'Auth105', 'PUB101', 2022, 'Mechanical Engineering', '978-7-88-999000-1', 5, 'Available', 'Postgraduate', 'MECH103'),
('B241', 'Fluid Dynamics: Advanced Applications', 'Auth105', 'PUB101', 2021, 'Mechanical Engineering', '978-8-99-000111-2', 8, 'Available', 'Research', 'MECH104'),
('B242', 'Manufacturing Processes: Advanced Techniques', 'Auth105', 'PUB101', 2020, 'Mechanical Engineering', '978-9-00-111222-3', 7, 'Available', 'Undergraduate', 'MECH105'),
('B243', 'Electrical Circuits: Advanced Concepts', 'Auth119', 'PUB107', 2019, 'Electrical Engineering', '978-0-11-222333-4', 6, 'Available', 'Postgraduate', 'ELEC106'),
('B244', 'Power Systems: Advanced Techniques', 'Auth119', 'PUB107', 2022, 'Electrical Engineering', '978-1-22-333444-5', 5, 'Available', 'Research', 'ELEC107'),
('B245', 'Embedded Systems: Advanced Applications', 'Auth119', 'PUB107', 2021, 'Electrical Engineering', '978-2-33-444555-6', 7, 'Available', 'Undergraduate', 'ELEC108'),
('B246', 'Renewable Energy Systems: Advanced Techniques', 'Auth119', 'PUB107', 2020, 'Electrical Engineering', '978-3-44-555666-7', 8, 'Available', 'Postgraduate', 'ELEC109'),
('B247', 'Microcontrollers & Automation: Advanced Concepts', 'Auth119', 'PUB107', 2019, 'Electrical Engineering', '978-4-55-666777-8', 6, 'Available', 'Undergraduate', 'ELEC110'),
('B248', 'Structural Analysis: Advanced Techniques', 'Auth121', 'PUB110', 2022, 'Civil Engineering', '978-5-66-777888-9', 7, 'Available', 'Postgraduate', 'CIVI111'),
('B249', 'Construction Management: Advanced Practices', 'Auth121', 'PUB110', 2021, 'Civil Engineering', '978-6-77-888999-0', 6, 'Available', 'Research', 'CIVI112'),
('B250', 'Geotechnical Engineering: Advanced Techniques', 'Auth121', 'PUB110', 2020, 'Civil Engineering', '978-7-88-999000-1', 5, 'Available', 'Undergraduate', 'CIVI113'),
('B251', 'Hydraulic Engineering: Advanced Applications', 'Auth121', 'PUB110', 2019, 'Civil Engineering', '978-8-99-000111-2', 8, 'Available', 'Postgraduate', 'CIVI114'),
('B252', 'Urban Planning: Advanced Techniques', 'Auth121', 'PUB110', 2022, 'Civil Engineering', '978-9-00-111222-3', 7, 'Available', 'Undergraduate', 'CIVI115'),
('B253', 'Chemical Process Engineering: Advanced Techniques', 'Auth108', 'PUB109', 2021, 'Chemical Engineering', '978-0-11-222333-4', 6, 'Available', 'Postgraduate', 'CHEM116'),
('B254', 'Industrial Chemistry: Advanced Concepts', 'Auth108', 'PUB109', 2020, 'Chemical Engineering', '978-1-22-333444-5', 5, 'Available', 'Undergraduate', 'CHEM117'),
('B255', 'Polymer Science: Advanced Applications', 'Auth108', 'PUB109', 2019, 'Chemical Engineering', '978-2-33-444555-6', 7, 'Available', 'Research', 'CHEM118'),
('B256', 'Reaction Engineering: Advanced Techniques', 'Auth108', 'PUB109', 2022, 'Chemical Engineering', '978-3-44-555666-7', 8, 'Available', 'Postgraduate', 'CHEM119'),
('B257', 'Biochemical Engineering: Advanced Applications', 'Auth108', 'PUB109', 2021, 'Chemical Engineering', '978-4-55-666777-8', 6, 'Available', 'Undergraduate', 'CHEM120'),
('B258', 'Aerospace Propulsion: Advanced Techniques', 'Auth110', 'PUB105', 2020, 'Aerospace Engineering', '978-5-66-777888-9', 7, 'Available', 'Postgraduate', 'AERO121'),
('B259', 'Avionics & Control Systems: Advanced Concepts', 'Auth110', 'PUB105', 2019, 'Aerospace Engineering', '978-6-77-888999-0', 6, 'Available', 'Research', 'AERO122'),
('B260', 'Aerodynamics: Advanced Applications', 'Auth110', 'PUB105', 2022, 'Aerospace Engineering', '978-7-88-999000-1', 5, 'Available', 'Undergraduate', 'AERO123'),
('B261', 'Spacecraft Engineering: Advanced Techniques', 'Auth110', 'PUB105', 2021, 'Aerospace Engineering', '978-8-99-000111-2', 8, 'Available', 'Postgraduate', 'AERO124'),
('B262', 'Flight Mechanics: Advanced Applications', 'Auth110', 'PUB105', 2020, 'Aerospace Engineering', '978-9-00-111222-3', 7, 'Available', 'Undergraduate', 'AERO125'),
('B263', 'Medical Imaging: Advanced Techniques', 'Auth126', 'PUB106', 2019, 'Biomedical Engineering', '978-0-11-222333-4', 6, 'Available', 'Postgraduate', 'BIOM126'),
('B264', 'Biomechanics: Advanced Applications', 'Auth126', 'PUB106', 2022, 'Biomedical Engineering', '978-1-22-333444-5', 5, 'Available', 'Research', 'BIOM127'),
('B265', 'Biomedical Instrumentation: Advanced Techniques', 'Auth126', 'PUB106', 2021, 'Biomedical Engineering', '978-2-33-444555-6', 7, 'Available', 'Undergraduate', 'BIOM128'),
('B266', 'Neuroengineering: Advanced Concepts', 'Auth126', 'PUB106', 2020, 'Biomedical Engineering', '978-3-44-555666-7', 8, 'Available', 'Postgraduate', 'BIOM129'),
('B267', 'Prosthetics & Orthotics: Advanced Applications', 'Auth126', 'PUB106', 2019, 'Biomedical Engineering', '978-4-55-666777-8', 6, 'Available', 'Undergraduate', 'BIOM130'),
('B268', 'Robotics & AI: Advanced Techniques', 'Auth102', 'PUB111', 2022, 'Robotics', '978-5-66-777888-9', 7, 'Available', 'Postgraduate', 'ROBO131'),
('B269', 'Control Systems in Robotics: Advanced Applications', 'Auth102', 'PUB111', 2021, 'Robotics', '978-6-77-888999-0', 6, 'Available', 'Research', 'ROBO132'),
('B270', 'Humanoid Robotics: Advanced Techniques', 'Auth102', 'PUB111', 2020, 'Robotics', '978-7-88-999000-1', 5, 'Available', 'Undergraduate', 'ROBO133'),
('B271', 'Autonomous Vehicles: Advanced Applications', 'Auth102', 'PUB111', 2019, 'Robotics', '978-8-99-000111-2', 8, 'Available', 'Postgraduate', 'ROBO134'),
('B272', 'Robotic Sensors & Actuators: Advanced Techniques', 'Auth102', 'PUB111', 2022, 'Robotics', '978-9-00-111222-3', 7, 'Available', 'Undergraduate', 'ROBO135'),
('B273', 'Heat Transfer: Advanced Applications', 'Auth105', 'PUB101', 2021, 'Mechanical Engineering', '978-0-11-222333-4', 6, 'Available', 'Postgraduate', 'MECH136'),
('B274', 'Digital Electronics: Advanced Techniques', 'Auth119', 'PUB107', 2020, 'Electrical Engineering', '978-1-22-333444-5', 5, 'Available', 'Undergraduate', 'ELEC137'),
('B275', 'Transportation Engineering: Advanced Techniques', 'Auth121', 'PUB110', 2019, 'Civil Engineering', '978-2-33-444555-6', 7, 'Available', 'Research', 'CIVI138'),
('B276', 'Hypersonic Aerodynamics: Advanced Applications', 'Auth110', 'PUB105', 2022, 'Aerospace Engineering', '978-3-44-555666-7', 8, 'Available', 'Postgraduate', 'AERO139'),
('B277', 'Automobile Engineering: Advanced Techniques', 'Auth105', 'PUB101', 2021, 'Mechanical Engineering', '978-4-55-666777-8', 6, 'Available', 'Undergraduate', 'MECH140'),
('B278', 'Mechatronics: Advanced Applications', 'Auth105', 'PUB101', 2020, 'Mechanical Engineering', '978-5-66-777888-9', 5, 'Available', 'Postgraduate', 'MECH141'),
('B279', 'Computational Fluid Dynamics: Advanced Applications', 'Auth105', 'PUB101', 2019, 'Mechanical Engineering', '978-6-77-888999-0', 7, 'Available', 'Research', 'MECH142'),
('B280', 'Material Science: Advanced Techniques', 'Auth105', 'PUB101', 2022, 'Mechanical Engineering', '978-7-88-999000-1', 8, 'Available', 'Undergraduate', 'MECH143'),
('B281', 'Industrial Robotics: Advanced Applications', 'Auth105', 'PUB101', 2021, 'Mechanical Engineering', '978-8-99-000111-2', 6, 'Available', 'Postgraduate', 'MECH144'),
('B282', 'VLSI Design: Advanced Techniques', 'Auth119', 'PUB107', 2020, 'Electrical Engineering', '978-9-00-111222-3', 5, 'Available', 'Research', 'ELEC145'),
('B283', 'High Voltage Engineering: Advanced Applications', 'Auth119', 'PUB107', 2019, 'Electrical Engineering', '978-0-11-222333-4', 7, 'Available', 'Undergraduate', 'ELEC146'),
('B284', 'Control Systems: Advanced Techniques', 'Auth119', 'PUB107', 2022, 'Electrical Engineering', '978-1-22-333444-5', 8, 'Available', 'Postgraduate', 'ELEC147'),
('B285', 'Smart Grid Technology: Advanced Applications', 'Auth119', 'PUB107', 2021, 'Electrical Engineering', '978-2-33-444555-6', 6, 'Available', 'Research', 'ELEC148'),
('B286', 'Electromagnetic Fields: Advanced Techniques', 'Auth119', 'PUB107', 2020, 'Electrical Engineering', '978-3-44-555666-7', 5, 'Available', 'Undergraduate', 'ELEC149'),
('B287', 'Soil Mechanics: Advanced Applications', 'Auth121', 'PUB110', 2019, 'Civil Engineering', '978-4-55-666777-8', 7, 'Available', 'Postgraduate', 'CIVI150'),
('B288', 'Concrete Technology: Advanced Techniques', 'Auth121', 'PUB110', 2022, 'Civil Engineering', '978-5-66-777888-9', 8, 'Available', 'Research', 'CIVI151'),
('B289', 'Structural Dynamics: Advanced Applications', 'Auth121', 'PUB110', 2021, 'Civil Engineering', '978-6-77-888999-0', 6, 'Available', 'Undergraduate', 'CIVI152'),
('B290', 'Water Resources Engineering: Advanced Techniques', 'Auth121', 'PUB110', 2020, 'Civil Engineering', '978-7-88-999000-1', 5, 'Available', 'Postgraduate', 'CIVI153'),
('B291', 'Bridge Engineering: Advanced Applications', 'Auth121', 'PUB110', 2019, 'Civil Engineering', '978-8-99-000111-2', 7, 'Available', 'Research', 'CIVI154'),
('B292', 'Mass Transfer Operations: Advanced Techniques', 'Auth108', 'PUB109', 2022, 'Chemical Engineering', '978-9-00-111222-3', 8, 'Available', 'Undergraduate', 'CHEM155'),
('B293', 'Food Process Engineering: Advanced Applications', 'Auth108', 'PUB109', 2021, 'Chemical Engineering', '978-0-11-222333-4', 6, 'Available', 'Postgraduate', 'CHEM156'),
('B294', 'Process Control & Instrumentation: Advanced Techniques', 'Auth108', 'PUB109', 2020, 'Chemical Engineering', '978-1-22-333444-5', 5, 'Available', 'Research', 'CHEM157'),
('B295', 'Petroleum Refinery Engineering: Advanced Applications', 'Auth108', 'PUB109', 2019, 'Chemical Engineering', '978-2-33-444555-6', 7, 'Available', 'Undergraduate', 'CHEM158'),
('B296', 'Green Chemistry: Advanced Techniques', 'Auth108', 'PUB109', 2022, 'Chemical Engineering', '978-3-44-555666-7', 8, 'Available', 'Postgraduate', 'CHEM159'),
('B297', 'Helicopter Aerodynamics: Advanced Applications', 'Auth110', 'PUB105', 2021, 'Aerospace Engineering', '978-4-55-666777-8', 6, 'Available', 'Research', 'AERO160'),
('B298', 'Aircraft Structural Analysis: Advanced Techniques', 'Auth110', 'PUB105', 2020, 'Aerospace Engineering', '978-5-66-777888-9', 5, 'Available', 'Undergraduate', 'AERO161'),
('B299', 'Space Mission Design: Advanced Applications', 'Auth110', 'PUB105', 2019, 'Aerospace Engineering', '978-6-77-888999-0', 7, 'Available', 'Postgraduate', 'AERO162'),
('B300', 'Rocket Propulsion: Advanced Techniques', 'Auth110', 'PUB105', 2022, 'Aerospace Engineering', '978-7-88-999000-1', 8, 'Available', 'Research', 'AERO163');


INSERT INTO Book_Categories (category_id, category_name, academic_subject) VALUES
('CAT001', 'Mechanical Engineering', 'Engineering'),
('CAT002', 'Electrical Engineering', 'Engineering'),
('CAT003', 'Civil Engineering', 'Engineering'),
('CAT004', 'Chemical Engineering', 'Engineering'),
('CAT005', 'Aerospace Engineering', 'Engineering'),
('CAT006', 'Biomedical Engineering', 'Engineering'),
('CAT007', 'Robotics', 'Engineering');

INSERT INTO Book_Category_Assignment (book_id, category_id) VALUES
-- Robotics Books
('B101', 'CAT007'), ('B108', 'CAT007'), ('B114', 'CAT007'), ('B121', 'CAT007'), ('B156', 'CAT007'), ('B157', 'CAT007'), ('B158', 'CAT007'), ('B159', 'CAT007'), ('B160', 'CAT007'), ('B195', 'CAT007'), ('B196', 'CAT007'), ('B197', 'CAT007'), ('B198', 'CAT007'), ('B199', 'CAT007'), ('B234', 'CAT007'), ('B235', 'CAT007'), ('B236', 'CAT007'), ('B237', 'CAT007'), ('B268', 'CAT007'), ('B269', 'CAT007'), ('B270', 'CAT007'), ('B271', 'CAT007'), ('B272', 'CAT007'),

-- Mechanical Engineering Books
('B102', 'CAT001'), ('B115', 'CAT001'), ('B122', 'CAT001'), ('B126', 'CAT001'), ('B127', 'CAT001'), ('B128', 'CAT001'), ('B129', 'CAT001'), ('B130', 'CAT001'), ('B161', 'CAT001'), ('B165', 'CAT001'), ('B166', 'CAT001'), ('B167', 'CAT001'), ('B168', 'CAT001'), ('B169', 'CAT001'), ('B204', 'CAT001'), ('B205', 'CAT001'), ('B206', 'CAT001'), ('B207', 'CAT001'), ('B208', 'CAT001'), ('B238', 'CAT001'), ('B239', 'CAT001'), ('B240', 'CAT001'), ('B241', 'CAT001'), ('B242', 'CAT001'), ('B273', 'CAT001'), ('B277', 'CAT001'), ('B278', 'CAT001'), ('B279', 'CAT001'), ('B280', 'CAT001'), ('B281', 'CAT001'),

-- Electrical Engineering Books
('B103', 'CAT002'), ('B109', 'CAT002'), ('B116', 'CAT002'), ('B123', 'CAT002'), ('B131', 'CAT002'), ('B132', 'CAT002'), ('B133', 'CAT002'), ('B134', 'CAT002'), ('B135', 'CAT002'), ('B162', 'CAT002'), ('B170', 'CAT002'), ('B171', 'CAT002'), ('B172', 'CAT002'), ('B173', 'CAT002'), ('B174', 'CAT002'), ('B201', 'CAT002'), ('B209', 'CAT002'), ('B210', 'CAT002'), ('B211', 'CAT002'), ('B212', 'CAT002'), ('B213', 'CAT002'), ('B243', 'CAT002'), ('B244', 'CAT002'), ('B245', 'CAT002'), ('B246', 'CAT002'), ('B247', 'CAT002'), ('B282', 'CAT002'), ('B283', 'CAT002'), ('B284', 'CAT002'), ('B285', 'CAT002'), ('B286', 'CAT002'),

-- Civil Engineering Books
('B104', 'CAT003'), ('B110', 'CAT003'), ('B117', 'CAT003'), ('B124', 'CAT003'), ('B136', 'CAT003'), ('B137', 'CAT003'), ('B138', 'CAT003'), ('B139', 'CAT003'), ('B140', 'CAT003'), ('B163', 'CAT003'), ('B175', 'CAT003'), ('B176', 'CAT003'), ('B177', 'CAT003'), ('B178', 'CAT003'), ('B179', 'CAT003'), ('B202', 'CAT003'), ('B214', 'CAT003'), ('B215', 'CAT003'), ('B216', 'CAT003'), ('B217', 'CAT003'), ('B218', 'CAT003'), ('B248', 'CAT003'), ('B249', 'CAT003'), ('B250', 'CAT003'), ('B251', 'CAT003'), ('B252', 'CAT003'), ('B275', 'CAT003'), ('B287', 'CAT003'), ('B288', 'CAT003'), ('B289', 'CAT003'), ('B290', 'CAT003'), ('B291', 'CAT003'),

-- Chemical Engineering Books
('B107', 'CAT004'), ('B111', 'CAT004'), ('B118', 'CAT004'), ('B141', 'CAT004'), ('B142', 'CAT004'), ('B143', 'CAT004'), ('B144', 'CAT004'), ('B145', 'CAT004'), ('B180', 'CAT004'), ('B181', 'CAT004'), ('B182', 'CAT004'), ('B183', 'CAT004'), ('B184', 'CAT004'), ('B219', 'CAT004'), ('B220', 'CAT004'), ('B221', 'CAT004'), ('B222', 'CAT004'), ('B223', 'CAT004'), ('B253', 'CAT004'), ('B254', 'CAT004'), ('B255', 'CAT004'), ('B256', 'CAT004'), ('B257', 'CAT004'), ('B292', 'CAT004'), ('B293', 'CAT004'), ('B294', 'CAT004'), ('B295', 'CAT004'), ('B296', 'CAT004'),

-- Aerospace Engineering Books
('B106', 'CAT005'), ('B112', 'CAT005'), ('B119', 'CAT005'), ('B125', 'CAT005'), ('B146', 'CAT005'), ('B147', 'CAT005'), ('B148', 'CAT005'), ('B149', 'CAT005'), ('B150', 'CAT005'), ('B164', 'CAT005'), ('B185', 'CAT005'), ('B186', 'CAT005'), ('B187', 'CAT005'), ('B188', 'CAT005'), ('B189', 'CAT005'), ('B203', 'CAT005'), ('B224', 'CAT005'), ('B225', 'CAT005'), ('B226', 'CAT005'), ('B227', 'CAT005'), ('B228', 'CAT005'), ('B258', 'CAT005'), ('B259', 'CAT005'), ('B260', 'CAT005'), ('B261', 'CAT005'), ('B262', 'CAT005'), ('B276', 'CAT005'), ('B297', 'CAT005'), ('B298', 'CAT005'), ('B299', 'CAT005'), ('B300', 'CAT005'),

-- Biomedical Engineering Books
('B105', 'CAT006'), ('B113', 'CAT006'), ('B120', 'CAT006'), ('B151', 'CAT006'), ('B152', 'CAT006'), ('B153', 'CAT006'), ('B154', 'CAT006'), ('B155', 'CAT006'), ('B190', 'CAT006'), ('B191', 'CAT006'), ('B192', 'CAT006'), ('B193', 'CAT006'), ('B194', 'CAT006'), ('B229', 'CAT006'), ('B230', 'CAT006'), ('B231', 'CAT006'), ('B232', 'CAT006'), ('B233', 'CAT006'), ('B263', 'CAT006'), ('B264', 'CAT006'), ('B265', 'CAT006'), ('B266', 'CAT006'), ('B267', 'CAT006');

INSERT INTO Librarians (librarian_id, first_name, last_name, contact_number, email, login_username, login_password, designation, department_id) VALUES
('LIB001', 'John', 'Doe', '415-123-4567', 'john.doe@library.com', 'johndoe', 'password123', 'Head Librarian', 101),
('LIB002', 'Jane', 'Smith', '415-234-5678', 'jane.smith@library.com', 'janesmith', 'password234', 'Assistant Librarian', 102),
('LIB003', 'Michael', 'Brown', '415-345-6789', 'michael.brown@library.com', 'michaelb', 'password345', 'Senior Librarian', 103),
('LIB004', 'Emily', 'Davis', '415-456-7890', 'emily.davis@library.com', 'emilyd', 'password456', 'Library Assistant', 104),
('LIB005', 'David', 'Wilson', '415-567-8901', 'david.wilson@library.com', 'davidw', 'password567', 'Cataloging Librarian', 105),
('LIB006', 'Sarah', 'Taylor', '415-678-9012', 'sarah.taylor@library.com', 'saraht', 'password678', 'Reference Librarian', 106),
('LIB007', 'James', 'Anderson', '415-789-0123', 'james.anderson@library.com', 'jamesa', 'password789', 'Digital Librarian', 107),
('LIB008', 'Linda', 'Thomas', '415-890-1234', 'linda.thomas@library.com', 'lindat', 'password890', 'Archives Librarian', 108),
('LIB009', 'Robert', 'Jackson', '415-901-2345', 'robert.jackson@library.com', 'robertj', 'password901', 'Childrens Librarian', 109),
('LIB010', 'Patricia', 'White', '415-012-3456', 'patricia.white@library.com', 'patriciaw', 'password012', 'Acquisitions Librarian', 110),
('LIB011', 'William', 'Harris', '415-123-4567', 'william.harris@library.com', 'williamh', 'password123', 'Research Librarian', 111),
('LIB012', 'Elizabeth', 'Martin', '415-234-5678', 'elizabeth.martin@library.com', 'elizabethm', 'password234', 'Technical Services Librarian', 112),
('LIB013', 'Richard', 'Thompson', '415-345-6789', 'richard.thompson@library.com', 'richardt', 'password345', 'Outreach Librarian', 113),
('LIB014', 'Jennifer', 'Garcia', '415-456-7890', 'jennifer.garcia@library.com', 'jenniferg', 'password456', 'Youth Services Librarian', 114),
('LIB015', 'Charles', 'Martinez', '415-567-8901', 'charles.martinez@library.com', 'charlesm', 'password567', 'Special Collections Librarian', 115),
('LIB016', 'Mary', 'Robinson', '415-678-9012', 'mary.robinson@library.com', 'maryr', 'password678', 'Circulation Librarian', 116),
('LIB017', 'Joseph', 'Clark', '415-789-0123', 'joseph.clark@library.com', 'josephc', 'password789', 'Metadata Librarian', 117),
('LIB018', 'Susan', 'Rodriguez', '415-890-1234', 'susan.rodriguez@library.com', 'susanr', 'password890', 'Electronic Resources Librarian', 118),
('LIB019', 'Thomas', 'Lewis', '415-901-2345', 'thomas.lewis@library.com', 'thomasl', 'password901', 'Interlibrary Loan Librarian', 119),
('LIB020', 'Karen', 'Lee', '415-012-3456', 'karen.lee@library.com', 'karenl', 'password012', 'Library Manager', 120);